business,category,website,status,title,sizeKb,contactSignals,issues,error
Ammon Corp,Handyman,https://www.ammoncorp.com/,fetch_failed,,0,,,fetch failed
Handy Bro's LLC,Handyman,https://www.hndybros.com/,200 OK,Home,104,Contact (/contact); 414-405-7380 (tel:414-405-7380); https://www.facebook.com/hndybros/ (https://www.facebook.com/hndybros/); CONTACT US (/contact-us),"Add a stronger page title with business type and city/service area. | Add a useful meta description for search previews. | Add a short FAQ for timing, pricing, service area, and what happens after contact.",
Ibarra Auto Detailing,Auto detailing,https://www.ibarraauto.com/ABOUT-US.html,fetch_failed,,0,,,fetch failed
Two Men & A Ladder,Handyman,https://www.twomenandaladder.com/,200 OK,Handy Man | Two Men &amp; A Ladder | Milwaukee,608,TwoMenAndALadderMKE@gmail.com (mailto:TwoMenAndALadderMKE@gmail.com),,
Kiko Detailing,Auto detailing,https://www.kikodetailing.com/,200 OK,Kiko Detailing - Best Auto Detailing - Milwaukee,1251,Get a Free Quote (https://www.kikodetailing.com/get-quote); Contact Us (https://www.kikodetailing.com/contact-us); https://wa.me/14144084118?text=Hi%2C%20I%20would%20like%20to%20book%20an%20appointment... (https://wa.me/14144084118?text=Hi%2C%20I%20would%20like%20to%20book%20an%20appointment...); https://www.facebook.com/share/19n2arTFeu/?mibextid=wwXIfr (https://www.facebook.com/share/19n2arTFeu/?mibextid=wwXIfr); Call Us (tel:+14144084118),"Add proof: reviews, project photos, credentials, or before/after examples. | Reduce page weight by compressing images and removing extra scripts. | Add a short FAQ for timing, pricing, service area, and what happens after contact.",
Prestige Detailing MKE,Auto detailing,https://www.prestigedetailingmke.com/contact,200 OK,Prestige Detailing MKE: Best Contact in Milwaukee,1040,Contact (https://www.prestigedetailingmke.com/contact); BOOK NOW (https://prestige-auto-detailing-llc.square.site/); CALL NOW (tel:+1 (414) 229-9293); prestigeautodetailingmke@gmail.com (mailto:prestigeautodetailingmke@gmail.com); Phone (tel:+1-414-2299293),"Add proof: reviews, project photos, credentials, or before/after examples. | Reduce page weight by compressing images and removing extra scripts. | Add a short FAQ for timing, pricing, service area, and what happens after contact.",
A Right Path Wellness,Wellness,https://arightpath.com/,200 OK,Wellness Home - A Right Path Wellness,136,(414) 651-2850 (tel:4146512850); Erica@ARightPath.com (mailto:Erica@ARightPath.com); https://www.facebook.com/arightpathwellness (https://www.facebook.com/arightpathwellness); Book and Shop (#); Book (https://arightpath.com/bookanappointment/),"Add proof: reviews, project photos, credentials, or before/after examples. | Add a short FAQ for timing, pricing, service area, and what happens after contact.",
Milwaukee Handyman,Handyman,https://www.milwaukee-handyman.com/contact/,200 OK,Contact - Milwaukee Handyman,43,Contact (https://www.milwaukee-handyman.com/contact/); 262-439-8620 (tel:262-439-8620); mailto:/contact/ (mailto:/contact/); https://www.facebook.com/Milwaukee-Handyman-1141293782582478/ (https://www.facebook.com/Milwaukee-Handyman-1141293782582478/); Contact Us Today (/contact/),"Add a useful meta description for search previews. | Add proof: reviews, project photos, credentials, or before/after examples. | Add a short FAQ for timing, pricing, service area, and what happens after contact. | Add one clear H1 headline that explains the offer.",
Patriot Landscape Co. LLC,Landscaping,https://www.patriotlcl.com/,200 OK,Patriot Landscape Co. LLC - Lawn Care &amp; Landscaping,42,Contact Us (https://www.patriotlcl.com/contact-us/); 262-853-3631 (tel:+12628533631); 262-853-3631 (tel:262-853-3631); https://www.addtoany.com/add_to/facebook?linkurl=https%3A%2F%2Fwww.patriotlcl.com%2F&amp;linkname=Patriot%20Landscape%20Co.%20LLC (https://www.addtoany.com/add_to/facebook?linkurl=https%3A%2F%2Fwww.patriotlcl.com%2F&amp;linkname=Patriot%20Landscape%20Co.%20LLC); Call Now Button (tel:262-853-3631),"Add a useful meta description for search previews. | Add proof: reviews, project photos, credentials, or before/after examples. | Add a short FAQ for timing, pricing, service area, and what happens after contact.",
Gardenia Landscaping Service LLC,Landscaping,https://gardenialandscapingsvc.com/contact,200 OK,Contact | Gardenia Landscaping Service LLC,1378,Contact (/contact); +1414-380-2034 (tel:414-380-2034); +1 414-380-2034 (tel:+1414-380-2034); Phone +1 414-380-2034 (tel:+1414-380-2034); Vivar616@gmail.com (mailto:Vivar616@gmail.com),"Reduce page weight by compressing images and removing extra scripts. | Add a short FAQ for timing, pricing, service area, and what happens after contact.",
Metropolitan Maintenance and Landscaping,Landscaping,https://www.mm-l.com/,200 OK,"Lawn &amp; Landscaping Company | Milwaukee, WI",120,414-546-9191 (tel:414-546-9191); https://www.facebook.com/profile.php?id=100092295743802 (https://www.facebook.com/profile.php?id=100092295743802); Contact Us (/lawn-care-quote); Call Today (/lawn-care-quote); Schedule An Appointment (https://go.thryv.com/site/yu96w4x8dgbuisn1/online-scheduling),"Add proof: reviews, project photos, credentials, or before/after examples. | Lazy-load noncritical images and compress large visual assets. | Add a short FAQ for timing, pricing, service area, and what happens after contact.",
Tutor You,Tutoring,https://tutoryou.org/contact/,200 OK,Contact - Tutor You,43,https://www.facebook.com/nan.cath (https://www.facebook.com/nan.cath); Contact (https://tutoryou.org/contact/); nancy@tutoryou.org (mailto:nancy@tutoryou.org),Add a useful meta description for search previews. | Lazy-load noncritical images and compress large visual assets.,
GDL Detailing,Auto detailing,https://gdldetailing.wixsite.com/gdldetailing/visit,200 OK,VISIT | Gdldetailing,442,Call Us (tel:4147911119); gdladetailing@gmail.com (mailto:gdladetailing@gmail.com); https://www.facebook.com/GDLDetailing/ (https://www.facebook.com/GDLDetailing/),"Add a useful meta description for search previews. | Add proof: reviews, project photos, credentials, or before/after examples. | Add a short FAQ for timing, pricing, service area, and what happens after contact.",
DaWorks Detailing,Auto detailing,https://daworksdetailing.com/,200 OK,Daworks car wash and Detailing,101,Service &amp; Booking (/service-%26-booking); BOOK APPOINTMENT (/service-%26-booking); daworks.detailing@gmail.com (mailto:daworks.detailing@gmail.com); 414-719-5309 (tel:4147195309),"Add a useful meta description for search previews. | Add proof: reviews, project photos, credentials, or before/after examples. | Add a short FAQ for timing, pricing, service area, and what happens after contact.",
Luxe Detail Co.,Auto detailing,https://www.luxedetailco.com/,200 OK,Luxe Detail Co. | Auto detailer in Milwaukee,488,Contact Us (https://www.luxedetailco.com/contact-us); BOOK ONLINE (https://www.luxedetailco.com/services); https://www.facebook.com/share/1JdUcTxCyW/?mibextid=wwXIfr (https://www.facebook.com/share/1JdUcTxCyW/?mibextid=wwXIfr); luxedetailcomke@gmail.com (mailto:luxedetailcomke@gmail.com),"Add a short FAQ for timing, pricing, service area, and what happens after contact. | Add one clear H1 headline that explains the offer.",
MH Landscaping LLC,Landscaping,https://mhlandscapingllc.net/contact,200 OK,MH Landscaping LLC | Contact,485,contact (/contact); Get A Quote Get A Quote (/contact); 262-745-6389 (tel:262-745-6389); mhlawncare0807@gmail.com (mailto:mhlawncare0807@gmail.com); https://www.facebook.com/people/Mhlanscaping-LLC/100084034274322/?ref=py_c (https://www.facebook.com/people/Mhlanscaping-LLC/100084034274322/?ref=py_c),"Add a short FAQ for timing, pricing, service area, and what happens after contact.",
Endless Detailing,Auto detailing,https://www.endlessdetailingwi.com/,200 OK,"Auto Detailing, Ceramic Coating &amp; Tint | Endless Detailing",216,Contact (/contact); BOOK YOUR APPOINTMENT (/contact); (414) 399-0538 (tel:(414) 399-0538); Endlessdetails1@gmail.com (mailto:Endlessdetails1@gmail.com); https://facebook.com/TheEndlessDetailing (https://facebook.com/TheEndlessDetailing),Lazy-load noncritical images and compress large visual assets.,
Best Handyman,Handyman,https://best-handyman.com/contact-us/,fetch_failed,,0,,,fetch failed
Arbor Stone Landscape & Design LLC,Landscaping,https://arborstonelandscapes.net/contact-us/,200 OK,Contact Arbor Stone Landscape & Design LLC | (414) 687-5553,80,Contact (https://arborstonelandscapes.net/contact-us/); (414) 687-5553 (tel:+14146875553); Call Us (tel:+14146875553); Message Us (/contact-us/),,
